{
  "loss": [
    0.8132575750350952,
    0.8051450252532959,
    0.7973267436027527,
    0.7898129224777222,
    0.7825697660446167,
    0.7756401300430298,
    0.7688417434692383,
    0.7622043490409851,
    0.7557957768440247,
    0.7496328949928284,
    0.7437015771865845,
    0.7377849221229553,
    0.7318663001060486,
    0.7260904312133789,
    0.720435380935669,
    0.7149203419685364,
    0.7095752358436584,
    0.704483687877655,
    0.6996041536331177,
    0.694962739944458
  ],
  "accuracy": [
    0.3896103799343109,
    0.3896103799343109,
    0.40909090638160706,
    0.44805195927619934,
    0.4610389471054077,
    0.48051947355270386,
    0.4935064911842346,
    0.5064935088157654,
    0.5259740352630615,
    0.5389610528945923,
    0.551948070526123,
    0.551948070526123,
    0.5779221057891846,
    0.5714285969734192,
    0.5779221057891846,
    0.5779221057891846,
    0.5844155550003052,
    0.5779221057891846,
    0.5779221057891846,
    0.5779221057891846
  ],
  "total_time_s": 194.02
}