{
  "loss": [
    0.8138985633850098,
    0.8063943386077881,
    0.7991598844528198
  ],
  "accuracy": [
    0.3896103799343109,
    0.3896103799343109,
    0.40909090638160706
  ],
  "total_time_s": 46.86
}