{
  "loss": [
    0.8133841156959534,
    0.8053104281425476,
    0.7975988984107971,
    0.7901907563209534,
    0.782992422580719,
    0.7760002017021179,
    0.769159197807312,
    0.7625628113746643,
    0.7561644315719604,
    0.7499573230743408
  ],
  "accuracy": [
    0.3896103799343109,
    0.3896103799343109,
    0.40909090638160706,
    0.44155845046043396,
    0.4545454680919647,
    0.4675324559211731,
    0.48701298236846924,
    0.5064935088157654,
    0.5259740352630615,
    0.5389610528945923
  ],
  "total_time_s": 105.5
}