Round,Loss,Accuracy,total_time_s
1,0.8133841156959534,0.3896103799343109,46.66
2,0.8053104877471924,0.3896103799343109,46.66
3,0.7975988984107971,0.40909090638160706,46.66
