{
  "loss": [
    0.8132575750350952,
    0.8051450252532959,
    0.7973267436027527,
    0.7898129224777222,
    0.7825697660446167,
    0.7756400108337402,
    0.7688416242599487,
    0.7622042298316956,
    0.7557956576347351,
    0.7496327757835388
  ],
  "accuracy": [
    0.3896103799343109,
    0.3896103799343109,
    0.40909090638160706,
    0.44805195927619934,
    0.4610389471054077,
    0.48051947355270386,
    0.4935064911842346,
    0.5064935088157654,
    0.5259740352630615,
    0.5389610528945923
  ],
  "total_time_s": 106.15
}