{
  "loss": [
    0.8132575750350952,
    0.8051450252532959,
    0.7973267436027527
  ],
  "accuracy": [
    0.3896103799343109,
    0.3896103799343109,
    0.40909090638160706
  ],
  "total_time_s": 48.81
}