{
  "loss": [
    0.8133841156959534,
    0.8053104877471924,
    0.7975988984107971,
    0.7901907563209534,
    0.782992422580719,
    0.7760002017021179,
    0.7691591382026672,
    0.7625628113746643,
    0.7561644315719604,
    0.7499573230743408,
    0.743879497051239,
    0.7378352880477905,
    0.7319105863571167,
    0.7261090874671936,
    0.7204588651657104,
    0.7150239944458008,
    0.7098264098167419,
    0.7047814726829529,
    0.6999557018280029,
    0.6953141689300537
  ],
  "accuracy": [
    0.3896103799343109,
    0.3896103799343109,
    0.40909090638160706,
    0.44155845046043396,
    0.4545454680919647,
    0.4675324559211731,
    0.48701298236846924,
    0.5064935088157654,
    0.5259740352630615,
    0.5389610528945923,
    0.551948070526123,
    0.551948070526123,
    0.5714285969734192,
    0.5779221057891846,
    0.5779221057891846,
    0.5779221057891846,
    0.5844155550003052,
    0.5844155550003052,
    0.5844155550003052,
    0.5844155550003052
  ],
  "total_time_s": 198.22
}