Round,Loss,Accuracy,total_time_s
1,0.8132575750350952,0.3896103799343109,48.81
2,0.8051450252532959,0.3896103799343109,48.81
3,0.7973267436027527,0.40909090638160706,48.81
