{
  "loss": [
    0.8138985633850098,
    0.8063943982124329,
    0.7991598844528198,
    0.7922102808952332,
    0.7854670882225037,
    0.77889084815979,
    0.7725571393966675,
    0.7663831114768982,
    0.7604494690895081,
    0.7546534538269043
  ],
  "accuracy": [
    0.3896103799343109,
    0.3896103799343109,
    0.40909090638160706,
    0.44805195927619934,
    0.4545454680919647,
    0.4675324559211731,
    0.4935064911842346,
    0.5129870176315308,
    0.5259740352630615,
    0.5389610528945923
  ],
  "total_time_s": 106.38
}