{
  "loss": [
    0.8133841156959534,
    0.8053104877471924,
    0.7975988984107971
  ],
  "accuracy": [
    0.3896103799343109,
    0.3896103799343109,
    0.40909090638160706
  ],
  "total_time_s": 46.66
}