Round,Loss,Accuracy,total_time_s
1,0.8138985633850098,0.3896103799343109,46.86
2,0.8063943386077881,0.3896103799343109,46.86
3,0.7991598844528198,0.40909090638160706,46.86
