{
  "loss": [
    0.6526477336883545,
    0.6506666541099548,
    0.6486741304397583,
    0.6467333436012268,
    0.6447763442993164,
    0.6428476572036743,
    0.6409315466880798,
    0.639049768447876,
    0.6371942162513733,
    0.6353561282157898
  ],
  "accuracy": [
    0.6818181872367859,
    0.6818181872367859,
    0.6753246784210205,
    0.6818181872367859,
    0.6818181872367859,
    0.6818181872367859,
    0.6818181872367859,
    0.6818181872367859,
    0.6818181872367859,
    0.6948052048683167
  ],
  "enc_time_s": [
    0.01160743120008192,
    0.012602726999966762,
    0.011430750500085195,
    0.011807042200098294,
    0.011692220999975689,
    0.012076059299943154,
    0.010940160000018295,
    0.011059368299993367,
    0.01178490180004701,
    0.011969121900028768
  ],
  "dec_time_s": [
    0.0031445519998669624,
    0.0034595800999795757,
    0.003075358400019468,
    0.0030963158998019934,
    0.002746231699893542,
    0.002998607999916203,
    0.002801967999948829,
    0.002926400600017587,
    0.003026947899979859,
    0.0028930508000030385
  ],
  "cipher_size_MB": [
    0.20506792068481444,
    0.20494022369384765,
    0.20478620529174804,
    0.20489034652709961,
    0.2047525405883789,
    0.20488557815551758,
    0.20488862991333007,
    0.20485992431640626,
    0.20499067306518554,
    0.20484428405761718
  ],
  "total_time_s": 110.16
}