{
  "loss": [
    1.0345295667648315,
    1.0182244777679443,
    1.0024487972259521
  ],
  "accuracy": [
    0.33766233921051025,
    0.34415584802627563,
    0.33766233921051025
  ],
  "enc_time_s": [
    0.011083224200046971,
    0.011284987199951501,
    0.009729937999964022
  ],
  "dec_time_s": [
    0.0027000827999472676,
    0.003313855699980195,
    0.0024482626999542843
  ],
  "cipher_size_MB": [
    0.20476722717285156,
    0.20461244583129884,
    0.20501136779785156
  ],
  "total_time_s": 50.63
}