{
  "loss": [
    1.0345295667648315,
    1.0182243585586548,
    1.0024487972259521,
    0.987274169921875,
    0.9725793600082397,
    0.9583116173744202,
    0.9443974494934082,
    0.9310719966888428,
    0.9180728793144226,
    0.9055832624435425,
    0.8936567306518555,
    0.8822495341300964,
    0.8713364005088806,
    0.8607926964759827,
    0.8507601022720337,
    0.8412882685661316,
    0.8321685791015625,
    0.8234469294548035,
    0.8151462078094482,
    0.8072717785835266
  ],
  "accuracy": [
    0.33766233921051025,
    0.34415584802627563,
    0.33766233921051025,
    0.3246753215789795,
    0.3246753215789795,
    0.31168830394744873,
    0.3246753215789795,
    0.3246753215789795,
    0.3181818127632141,
    0.3181818127632141,
    0.3181818127632141,
    0.33766233921051025,
    0.33766233921051025,
    0.3636363744735718,
    0.3571428656578064,
    0.3636363744735718,
    0.37662336230278015,
    0.38311687111854553,
    0.3961038887500763,
    0.3896103799343109
  ],
  "enc_time_s": [
    0.01089581950009233,
    0.010496407899972837,
    0.010151956500067172,
    0.009544331899905955,
    0.010328233900145279,
    0.01087605339998845,
    0.011035812700083625,
    0.010985237700242578,
    0.010815702699983377,
    0.011020374400231958,
    0.010569854999903327,
    0.011751473699951021,
    0.011808959200152458,
    0.01089423949997581,
    0.011360314099965763,
    0.013115142999959062,
    0.011990761600009137,
    0.011970272500093415,
    0.011498020399994858,
    0.01142747630001395
  ],
  "dec_time_s": [
    0.002816084399819374,
    0.002522899699943082,
    0.002553294700010156,
    0.0027771574999860605,
    0.0028346583997517884,
    0.0029547592002018065,
    0.0025640314999691325,
    0.0030018111997378583,
    0.0027223461001085526,
    0.0031266057000721046,
    0.0029758963996755483,
    0.003366997199918842,
    0.0029498244999558664,
    0.0032130163001056642,
    0.0029847051000615465,
    0.002833773100064718,
    0.003064098600043508,
    0.0030752532999031245,
    0.0030146919999424425,
    0.0029662860999451366
  ],
  "cipher_size_MB": [
    0.2050145149230957,
    0.2052462577819824,
    0.20526838302612305,
    0.20537004470825196,
    0.2049492835998535,
    0.20503816604614258,
    0.2053375244140625,
    0.20528535842895507,
    0.20496768951416017,
    0.20493335723876954,
    0.20512495040893555,
    0.20487623214721679,
    0.20529327392578126,
    0.20540885925292968,
    0.20496835708618164,
    0.20508127212524413,
    0.2048100471496582,
    0.2054499626159668,
    0.2054126739501953,
    0.20500669479370118
  ],
  "total_time_s": 191.44
}