{
  "loss": [
    0.6526477336883545,
    0.6506666541099548,
    0.6486741304397583
  ],
  "accuracy": [
    0.6818181872367859,
    0.6818181872367859,
    0.6753246784210205
  ],
  "enc_time_s": [
    0.010300530199901913,
    0.011805842799958555,
    0.010663946599970586
  ],
  "dec_time_s": [
    0.0026475066999864794,
    0.003069650400084356,
    0.0029422557999623676
  ],
  "cipher_size_MB": [
    0.20481338500976562,
    0.2052022933959961,
    0.20448484420776367
  ],
  "total_time_s": 50.61
}