{
  "loss": [
    0.8133841156959534,
    0.8053104281425476,
    0.7975988984107971
  ],
  "accuracy": [
    0.3896103799343109,
    0.3896103799343109,
    0.40909090638160706
  ],
  "enc_time_s": [
    0.010922302199969636,
    0.013458777300002112,
    0.010821340599886754
  ],
  "dec_time_s": [
    0.0026369010000053096,
    0.0033193355000548765,
    0.002612985300083892
  ],
  "cipher_size_MB": [
    0.20492105484008788,
    0.20503787994384765,
    0.2049100875854492
  ],
  "total_time_s": 48.53
}