{
  "loss": [
    1.0345295667648315,
    1.0182243585586548,
    1.0024487972259521
  ],
  "accuracy": [
    0.33766233921051025,
    0.34415584802627563,
    0.33766233921051025
  ],
  "enc_time_s": [
    56.68599240009935,
    62.05912938150068,
    48.25795986550001
  ],
  "dec_time_s": [
    18.295928479300347,
    19.501488585700645,
    14.80968292399957
  ],
  "cipher_size_MB": [
    0.14110994338989258,
    0.1411102294921875,
    0.14111013412475587
  ],
  "total_time_s": 676.27
}