{
  "loss": [
    0.8133841156959534,
    0.8053104281425476,
    0.7975988984107971
  ],
  "accuracy": [
    0.3896103799343109,
    0.3896103799343109,
    0.40909090638160706
  ],
  "enc_time_s": [
    74.82172277080008,
    59.64320148839979,
    55.700539168700196
  ],
  "dec_time_s": [
    22.57051419220006,
    18.22492902790018,
    16.17839702960009
  ],
  "cipher_size_MB": [
    0.14111089706420898,
    0.14111146926879883,
    0.14111146926879883
  ],
  "total_time_s": 761.53
}