{
  "loss": [
    0.8133841156959534,
    0.8053104281425476,
    0.7975988984107971,
    0.7901907563209534,
    0.782992422580719,
    0.7760002017021179,
    0.7691590785980225,
    0.7625628113746643,
    0.7561644315719604,
    0.7499573230743408,
    0.743879497051239,
    0.7378352284431458,
    0.7319105267524719,
    0.7261090874671936,
    0.7204588651657104,
    0.7150239944458008,
    0.7098264098167419,
    0.7047814726829529,
    0.6999557018280029,
    0.6953141689300537
  ],
  "accuracy": [
    0.3896103799343109,
    0.3896103799343109,
    0.40909090638160706,
    0.44155845046043396,
    0.4545454680919647,
    0.4675324559211731,
    0.48701298236846924,
    0.5064935088157654,
    0.5259740352630615,
    0.5389610528945923,
    0.551948070526123,
    0.551948070526123,
    0.5714285969734192,
    0.5779221057891846,
    0.5779221057891846,
    0.5779221057891846,
    0.5844155550003052,
    0.5844155550003052,
    0.5844155550003052,
    0.5844155550003052
  ],
  "enc_time_s": [
    49.674824887800426,
    50.17436286680022,
    49.07723789229967,
    48.76141536520081,
    48.650957876900065,
    48.56306694730047,
    50.31571406920011,
    50.919667444199874,
    53.033192704199244,
    50.09125450770007,
    49.83436141659877,
    48.96507379120012,
    48.34051835990031,
    47.99041706089956,
    47.78138733730047,
    47.8961978895004,
    48.10172812770033,
    47.798452971999,
    48.093794244499804,
    48.10635567209938
  ],
  "dec_time_s": [
    14.957113007600128,
    14.857157479600573,
    14.626297893299125,
    14.59747069570003,
    14.492032596599893,
    14.522584133900091,
    15.112552395700186,
    15.246368491999965,
    15.4172324398005,
    14.702100408400657,
    14.71162428710013,
    14.487121288999697,
    14.359428970399312,
    14.301034356899617,
    14.313151054099217,
    14.262825294099821,
    14.414368631900652,
    14.332774574100403,
    14.341001447199961,
    14.421332814999914
  ],
  "cipher_size_MB": [
    0.14111032485961914,
    0.1411107063293457,
    0.14111051559448243,
    0.14110965728759767,
    0.14111099243164063,
    0.14110927581787108,
    0.14111013412475587,
    0.14110975265502929,
    0.14111003875732422,
    0.14110984802246093,
    0.1411102294921875,
    0.14111061096191407,
    0.14111032485961914,
    0.14111032485961914,
    0.14110994338989258,
    0.14110984802246093,
    0.14111013412475587,
    0.14111127853393554,
    0.14110918045043946,
    0.14110965728759767
  ],
  "total_time_s": 3853.14
}