{
  "loss": [
    1.0345295667648315,
    1.0182243585586548,
    1.0024487972259521,
    0.987274169921875,
    0.9725793600082397,
    0.9583116173744202,
    0.9443974494934082,
    0.9310721158981323,
    0.9180728793144226,
    0.9055832624435425,
    0.8936567306518555,
    0.8822495937347412,
    0.8713364005088806,
    0.8607927560806274,
    0.8507602214813232,
    0.8412882685661316,
    0.8321685791015625,
    0.8234469294548035,
    0.8151462078094482,
    0.8072717189788818
  ],
  "accuracy": [
    0.33766233921051025,
    0.34415584802627563,
    0.33766233921051025,
    0.3246753215789795,
    0.3246753215789795,
    0.31168830394744873,
    0.3246753215789795,
    0.3246753215789795,
    0.3181818127632141,
    0.3181818127632141,
    0.3181818127632141,
    0.33766233921051025,
    0.33766233921051025,
    0.3636363744735718,
    0.3571428656578064,
    0.3636363744735718,
    0.37662336230278015,
    0.38311687111854553,
    0.3961038887500763,
    0.3896103799343109
  ],
  "enc_time_s": [
    49.600180392499894,
    50.88601418829985,
    49.80950524930004,
    48.367525234599995,
    48.0813373072001,
    48.66584358380023,
    48.10488497819979,
    55.49829075010011,
    55.67096217640001,
    60.54788283079988,
    65.73242096070007,
    64.69096800129992,
    56.921198470200125,
    51.38055770610017,
    49.506363429799784,
    49.160256862400004,
    49.03454926299992,
    49.488242389499916,
    49.18713229779996,
    49.64472428810004
  ],
  "dec_time_s": [
    15.27303314460005,
    14.935513572800028,
    14.696149349600091,
    14.576863457400032,
    14.29979747919997,
    14.437616632800019,
    14.502903357800097,
    19.564218607299882,
    15.857971192499827,
    17.3457904719,
    20.721936716599977,
    17.792519010499927,
    16.07421628029988,
    14.67694699270005,
    14.733332181200149,
    14.63328443399987,
    14.801299288900008,
    14.727949908100072,
    14.810781125600169,
    15.01847886639971
  ],
  "cipher_size_MB": [
    0.1411111831665039,
    0.1411111831665039,
    0.1411111831665039,
    0.14111089706420898,
    0.1411107063293457,
    0.1411118507385254,
    0.1411113739013672,
    0.14111061096191407,
    0.14111099243164063,
    0.14111080169677734,
    0.14111051559448243,
    0.14111003875732422,
    0.1411113739013672,
    0.14111080169677734,
    0.14111051559448243,
    0.14111089706420898,
    0.14111108779907228,
    0.14111080169677734,
    0.14111032485961914,
    0.1411111831665039
  ],
  "total_time_s": 4134.34
}