{
  "loss": [
    0.6526477336883545,
    0.6506666541099548,
    0.6486741304397583,
    0.6467333436012268,
    0.6447764039039612,
    0.6428476572036743,
    0.6409315466880798,
    0.639049768447876,
    0.6371942758560181,
    0.6353561878204346
  ],
  "accuracy": [
    0.6818181872367859,
    0.6818181872367859,
    0.6753246784210205,
    0.6818181872367859,
    0.6818181872367859,
    0.6818181872367859,
    0.6818181872367859,
    0.6818181872367859,
    0.6818181872367859,
    0.6948052048683167
  ],
  "enc_time_s": [
    48.55850245299989,
    48.67958420960095,
    48.24151539240047,
    48.03871389870001,
    48.24154983630033,
    48.91466815000058,
    70.94405308670066,
    63.415946372499455,
    61.59085892500006,
    67.31652323730013
  ],
  "dec_time_s": [
    14.651366260799842,
    14.435078750099638,
    14.409662018699601,
    14.44451414419891,
    14.396962842101129,
    15.147347253300177,
    20.71664481710068,
    18.547955358699255,
    18.04993648500058,
    20.081492432800587
  ],
  "cipher_size_MB": [
    0.14111080169677734,
    0.14111061096191407,
    0.1411107063293457,
    0.1411107063293457,
    0.14111013412475587,
    0.1411113739013672,
    0.14111061096191407,
    0.1411116600036621,
    0.14111108779907228,
    0.14111080169677734
  ],
  "total_time_s": 2185.86
}