{
  "loss": [
    0.6526477336883545,
    0.6506666541099548,
    0.6486741304397583
  ],
  "accuracy": [
    0.6818181872367859,
    0.6818181872367859,
    0.6753246784210205
  ],
  "enc_time_s": [
    65.8749304754001,
    61.55133048880016,
    58.722183434999536
  ],
  "dec_time_s": [
    18.449157692699735,
    17.54122571120024,
    17.09763477080014
  ],
  "cipher_size_MB": [
    0.14111061096191407,
    0.14111080169677734,
    0.14111089706420898
  ],
  "total_time_s": 746.79
}