{
  "loss": [
    1.0345295667648315,
    1.0182244777679443,
    1.0024487972259521,
    0.9872740507125854,
    0.9725792407989502,
    0.9583114981651306,
    0.9443973898887634,
    0.9310719966888428,
    0.9180727601051331,
    0.9055831432342529
  ],
  "accuracy": [
    0.33766233921051025,
    0.34415584802627563,
    0.33766233921051025,
    0.3246753215789795,
    0.3246753215789795,
    0.31168830394744873,
    0.3246753215789795,
    0.3246753215789795,
    0.3181818127632141,
    0.3181818127632141
  ],
  "enc_time_s": [
    67.97735568679964,
    68.09699503699957,
    67.26052609830076,
    66.98829493879967,
    67.56085326720022,
    67.34627804759948,
    67.74588263039986,
    50.769414138799405,
    48.65349656019898,
    48.601237279599445
  ],
  "dec_time_s": [
    19.862592045599378,
    20.1679899620005,
    19.98678546620031,
    20.183068716000342,
    20.10183060919953,
    20.099852612700488,
    20.091479410100145,
    14.684342397600266,
    14.60412780810002,
    14.588722270200014
  ],
  "cipher_size_MB": [
    0.14111042022705078,
    0.14110946655273438,
    0.14110851287841797,
    0.14110918045043946,
    0.14110994338989258,
    0.14111032485961914,
    0.1411107063293457,
    0.14110994338989258,
    0.14110965728759767,
    0.14111042022705078
  ],
  "total_time_s": 2446.71
}