{
  "loss": [
    0.8133841156959534,
    0.8053104281425476,
    0.7975989580154419,
    0.7901907563209534,
    0.782992422580719,
    0.7760001420974731,
    0.7691590785980225,
    0.7625628113746643,
    0.7561644315719604,
    0.749957263469696
  ],
  "accuracy": [
    0.3896103799343109,
    0.3896103799343109,
    0.40909090638160706,
    0.44155845046043396,
    0.4545454680919647,
    0.4675324559211731,
    0.48701298236846924,
    0.5064935088157654,
    0.5259740352630615,
    0.5389610528945923
  ],
  "enc_time_s": [
    58.29964526139993,
    59.82552945619991,
    60.943255879199754,
    56.57494972649984,
    56.6764102838999,
    56.84458129240011,
    57.12742198619999,
    57.17517795180011,
    56.1505977039993,
    55.652190966500164
  ],
  "dec_time_s": [
    17.0641005655998,
    17.048859256599826,
    17.971776740800124,
    16.426964218099965,
    15.942472212600114,
    17.432868628600225,
    17.677157322699713,
    16.262105984600748,
    17.060444802700296,
    17.72864388979997
  ],
  "cipher_size_MB": [
    0.14111013412475587,
    0.14111051559448243,
    0.14111080169677734,
    0.14110908508300782,
    0.14111013412475587,
    0.14111013412475587,
    0.14111042022705078,
    0.1411102294921875,
    0.1411102294921875,
    0.14110965728759767
  ],
  "total_time_s": 2242.95
}