{
  "loss": [
    0.6526477336883545,
    0.6506666541099548,
    0.6486741304397583,
    0.6467333436012268,
    0.6447763442993164,
    0.6428476572036743,
    0.6409315466880798,
    0.639049768447876,
    0.6371942758560181,
    0.6353561282157898,
    0.6335170865058899,
    0.6317213773727417,
    0.6299437880516052,
    0.6282063722610474,
    0.6265090107917786,
    0.6248318552970886,
    0.6231468319892883,
    0.6214838624000549,
    0.6198341250419617,
    0.6182332038879395
  ],
  "accuracy": [
    0.6818181872367859,
    0.6818181872367859,
    0.6753246784210205,
    0.6818181872367859,
    0.6818181872367859,
    0.6818181872367859,
    0.6818181872367859,
    0.6818181872367859,
    0.6818181872367859,
    0.6948052048683167,
    0.701298713684082,
    0.701298713684082,
    0.701298713684082,
    0.6948052048683167,
    0.6948052048683167,
    0.6948052048683167,
    0.6883116960525513,
    0.6883116960525513,
    0.6883116960525513,
    0.6883116960525513
  ],
  "enc_time_s": [
    55.9526809035,
    63.81939225710001,
    60.19357633410002,
    48.811917712900005,
    48.808319776400026,
    48.71283003359999,
    48.90989085890003,
    49.10115865260002,
    49.21901530809998,
    49.14393130320004,
    50.494102677499995,
    49.3570126835999,
    49.29383858180008,
    49.60506583089996,
    49.443307623599914,
    49.79829005830002,
    49.954895175000004,
    50.071238557600054,
    49.704404383699924,
    50.75219889580012
  ],
  "dec_time_s": [
    15.995041916399998,
    20.227267579600017,
    17.407637633299988,
    14.499146923599948,
    14.483251282399987,
    14.414507485599984,
    14.53348316590002,
    14.564098059200045,
    14.443370424999989,
    14.493348440599949,
    14.709617968299971,
    14.632878596199998,
    14.606221163899908,
    14.551561718300036,
    14.703313233500012,
    14.774634375799996,
    14.677072081400047,
    14.543272810900088,
    14.88913848750003,
    14.793944691600108
  ],
  "cipher_size_MB": [
    0.14111032485961914,
    0.14111003875732422,
    0.14111080169677734,
    0.14110975265502929,
    0.14111032485961914,
    0.14110956192016602,
    0.14110908508300782,
    0.14110889434814453,
    0.14110994338989258,
    0.14110984802246093,
    0.14110937118530273,
    0.14111051559448243,
    0.14111032485961914,
    0.14110841751098632,
    0.14110984802246093,
    0.14110937118530273,
    0.14111080169677734,
    0.1411111831665039,
    0.14110898971557617,
    0.14110937118530273
  ],
  "total_time_s": 3987.97
}